Year,lambda
1995,0.1562552143399612
1996,4.2327252813834093e-16
1997,0.0
1998,0.0
1999,8.673617379884035e-17
2000,5.551115123125783e-17
2001,6.938893903907228e-18
2002,0.0
2003,0.8437447856600389
